filename,uniqueness
/mnt/c/Users/sabri/Documents/github/thesis/datasets/auv/images/output_0864.png,1.0
/mnt/c/Users/sabri/Documents/github/thesis/datasets/auv/images/output_0226.png,0.8343293875677095
/mnt/c/Users/sabri/Documents/github/thesis/datasets/auv/images/output_0260.png,0.772073537969789
/mnt/c/Users/sabri/Documents/github/thesis/datasets/auv/images/output_0429.png,0.7430715306513734
/mnt/c/Users/sabri/Documents/github/thesis/datasets/auv/images/output_0442.png,0.7069219181258861
/mnt/c/Users/sabri/Documents/github/thesis/datasets/auv/images/output_0381.png,0.6611622208083153
/mnt/c/Users/sabri/Documents/github/thesis/datasets/auv/images/output_0298.png,0.6607678614661517
/mnt/c/Users/sabri/Documents/github/thesis/datasets/auv/images/output_0249.png,0.6374203735457231
/mnt/c/Users/sabri/Documents/github/thesis/datasets/auv/images/output_0362.png,0.6267291534089146
/mnt/c/Users/sabri/Documents/github/thesis/datasets/auv/images/output_0343.png,0.5350361753425756
/mnt/c/Users/sabri/Documents/github/thesis/datasets/auv/images/output_0554.png,0.518908733024147
/mnt/c/Users/sabri/Documents/github/thesis/datasets/auv/images/output_0707.png,0.46165487755794815
/mnt/c/Users/sabri/Documents/github/thesis/datasets/auv/images/output_0355.png,0.4579492509808539
/mnt/c/Users/sabri/Documents/github/thesis/datasets/auv/images/output_0262.png,0.4560346890539876
/mnt/c/Users/sabri/Documents/github/thesis/datasets/auv/images/output_0319.png,0.4362083137347791
/mnt/c/Users/sabri/Documents/github/thesis/datasets/auv/images/output_0012.png,0.43133598732303086
/mnt/c/Users/sabri/Documents/github/thesis/datasets/auv/images/output_0483.png,0.42325025597701127
/mnt/c/Users/sabri/Documents/github/thesis/datasets/auv/images/output_0345.png,0.40957482274853985
/mnt/c/Users/sabri/Documents/github/thesis/datasets/auv/images/output_0264.png,0.3962502968626262
/mnt/c/Users/sabri/Documents/github/thesis/datasets/auv/images/output_0542.png,0.39471349712434584
/mnt/c/Users/sabri/Documents/github/thesis/datasets/auv/images/output_0636.png,0.3870885942113255
/mnt/c/Users/sabri/Documents/github/thesis/datasets/auv/images/output_0377.png,0.38579598439230744
/mnt/c/Users/sabri/Documents/github/thesis/datasets/auv/images/output_0653.png,0.3724635864738623
/mnt/c/Users/sabri/Documents/github/thesis/datasets/auv/images/output_0019.png,0.3686801562671463
/mnt/c/Users/sabri/Documents/github/thesis/datasets/auv/images/output_0363.png,0.3657275886206576
/mnt/c/Users/sabri/Documents/github/thesis/datasets/auv/images/output_0824.png,0.3616068194028029
/mnt/c/Users/sabri/Documents/github/thesis/datasets/auv/images/output_0168.png,0.35436420996853274
/mnt/c/Users/sabri/Documents/github/thesis/datasets/auv/images/output_0541.png,0.34018527307515783
/mnt/c/Users/sabri/Documents/github/thesis/datasets/auv/images/output_0083.png,0.31463383535073747
/mnt/c/Users/sabri/Documents/github/thesis/datasets/auv/images/output_0239.png,0.31027627617243364
/mnt/c/Users/sabri/Documents/github/thesis/datasets/auv/images/output_0367.png,0.2978820424200472
/mnt/c/Users/sabri/Documents/github/thesis/datasets/auv/images/output_0366.png,0.29406845306433027
/mnt/c/Users/sabri/Documents/github/thesis/datasets/auv/images/output_0847.png,0.2713630258866584
/mnt/c/Users/sabri/Documents/github/thesis/datasets/auv/images/output_0352.png,0.26973009328915953
/mnt/c/Users/sabri/Documents/github/thesis/datasets/auv/images/output_0482.png,0.2622130973289625
/mnt/c/Users/sabri/Documents/github/thesis/datasets/auv/images/output_0451.png,0.25193435884312637
/mnt/c/Users/sabri/Documents/github/thesis/datasets/auv/images/output_0100.png,0.25092282522357146
/mnt/c/Users/sabri/Documents/github/thesis/datasets/auv/images/output_0196.png,0.23833311175772826
/mnt/c/Users/sabri/Documents/github/thesis/datasets/auv/images/output_0125.png,0.2381453036776681
/mnt/c/Users/sabri/Documents/github/thesis/datasets/auv/images/output_0259.png,0.23797025207899272
/mnt/c/Users/sabri/Documents/github/thesis/datasets/auv/images/output_0616.png,0.23234981381258205
/mnt/c/Users/sabri/Documents/github/thesis/datasets/auv/images/output_0248.png,0.22941127036231088
/mnt/c/Users/sabri/Documents/github/thesis/datasets/auv/images/output_0241.png,0.22299634477906177
/mnt/c/Users/sabri/Documents/github/thesis/datasets/auv/images/output_0630.png,0.21775065713925565
/mnt/c/Users/sabri/Documents/github/thesis/datasets/auv/images/output_0096.png,0.21575913218423248
/mnt/c/Users/sabri/Documents/github/thesis/datasets/auv/images/output_0452.png,0.2144488404459671
/mnt/c/Users/sabri/Documents/github/thesis/datasets/auv/images/output_0617.png,0.20909722288246904
/mnt/c/Users/sabri/Documents/github/thesis/datasets/auv/images/output_0383.png,0.20812147128793884
/mnt/c/Users/sabri/Documents/github/thesis/datasets/auv/images/output_0192.png,0.19432002256925773
/mnt/c/Users/sabri/Documents/github/thesis/datasets/auv/images/output_0186.png,0.19410284389584442
/mnt/c/Users/sabri/Documents/github/thesis/datasets/auv/images/output_0713.png,0.1910695711802645
/mnt/c/Users/sabri/Documents/github/thesis/datasets/auv/images/output_0487.png,0.18873474969831766
/mnt/c/Users/sabri/Documents/github/thesis/datasets/auv/images/output_0680.png,0.1886131439401946
/mnt/c/Users/sabri/Documents/github/thesis/datasets/auv/images/output_0834.png,0.18806718241677986
/mnt/c/Users/sabri/Documents/github/thesis/datasets/auv/images/output_0318.png,0.1845805533217726
/mnt/c/Users/sabri/Documents/github/thesis/datasets/auv/images/output_0356.png,0.18455036276895376
/mnt/c/Users/sabri/Documents/github/thesis/datasets/auv/images/output_0639.png,0.18448529749815556
/mnt/c/Users/sabri/Documents/github/thesis/datasets/auv/images/output_0292.png,0.1830118211998785
/mnt/c/Users/sabri/Documents/github/thesis/datasets/auv/images/output_0445.png,0.18270990146667027
/mnt/c/Users/sabri/Documents/github/thesis/datasets/auv/images/output_0479.png,0.18252708098954037
/mnt/c/Users/sabri/Documents/github/thesis/datasets/auv/images/output_0194.png,0.18082568964187176
/mnt/c/Users/sabri/Documents/github/thesis/datasets/auv/images/output_0491.png,0.18002311365189197
/mnt/c/Users/sabri/Documents/github/thesis/datasets/auv/images/output_0692.png,0.17978116885181403
/mnt/c/Users/sabri/Documents/github/thesis/datasets/auv/images/output_0514.png,0.173391503366934
/mnt/c/Users/sabri/Documents/github/thesis/datasets/auv/images/output_0527.png,0.17101490795227456
/mnt/c/Users/sabri/Documents/github/thesis/datasets/auv/images/output_0646.png,0.16808432351275515
/mnt/c/Users/sabri/Documents/github/thesis/datasets/auv/images/output_0652.png,0.1674926487078655
/mnt/c/Users/sabri/Documents/github/thesis/datasets/auv/images/output_0684.png,0.16431909036894285
/mnt/c/Users/sabri/Documents/github/thesis/datasets/auv/images/output_0488.png,0.16431635971156072
/mnt/c/Users/sabri/Documents/github/thesis/datasets/auv/images/output_0752.png,0.16271073037473635
/mnt/c/Users/sabri/Documents/github/thesis/datasets/auv/images/output_0444.png,0.16083067379535954
/mnt/c/Users/sabri/Documents/github/thesis/datasets/auv/images/output_0727.png,0.15853176162856125
/mnt/c/Users/sabri/Documents/github/thesis/datasets/auv/images/output_0798.png,0.1574785465681099
/mnt/c/Users/sabri/Documents/github/thesis/datasets/auv/images/output_0576.png,0.15435789693208873
/mnt/c/Users/sabri/Documents/github/thesis/datasets/auv/images/output_0193.png,0.15050309860685632
/mnt/c/Users/sabri/Documents/github/thesis/datasets/auv/images/output_0053.png,0.1486333187101255
/mnt/c/Users/sabri/Documents/github/thesis/datasets/auv/images/output_0191.png,0.14796379566464307
/mnt/c/Users/sabri/Documents/github/thesis/datasets/auv/images/output_0365.png,0.1479013063413999
/mnt/c/Users/sabri/Documents/github/thesis/datasets/auv/images/output_0387.png,0.14595428160906224
/mnt/c/Users/sabri/Documents/github/thesis/datasets/auv/images/output_0441.png,0.14533914805328765
/mnt/c/Users/sabri/Documents/github/thesis/datasets/auv/images/output_0369.png,0.14464792863964035
/mnt/c/Users/sabri/Documents/github/thesis/datasets/auv/images/output_0493.png,0.1430109843003959
/mnt/c/Users/sabri/Documents/github/thesis/datasets/auv/images/output_0231.png,0.14200366059636532
/mnt/c/Users/sabri/Documents/github/thesis/datasets/auv/images/output_0263.png,0.14169920351682724
/mnt/c/Users/sabri/Documents/github/thesis/datasets/auv/images/output_0802.png,0.13655928724221722
/mnt/c/Users/sabri/Documents/github/thesis/datasets/auv/images/output_0309.png,0.13344452489081907
/mnt/c/Users/sabri/Documents/github/thesis/datasets/auv/images/output_0443.png,0.1328333436130526
/mnt/c/Users/sabri/Documents/github/thesis/datasets/auv/images/output_0677.png,0.12892842043850625
/mnt/c/Users/sabri/Documents/github/thesis/datasets/auv/images/output_0351.png,0.12854483276863193
/mnt/c/Users/sabri/Documents/github/thesis/datasets/auv/images/output_0121.png,0.12451677526979764
/mnt/c/Users/sabri/Documents/github/thesis/datasets/auv/images/output_0468.png,0.12417159370455683
/mnt/c/Users/sabri/Documents/github/thesis/datasets/auv/images/output_0501.png,0.12258773736871652
/mnt/c/Users/sabri/Documents/github/thesis/datasets/auv/images/output_0481.png,0.11980602381213995
/mnt/c/Users/sabri/Documents/github/thesis/datasets/auv/images/output_0344.png,0.11957669129319387
/mnt/c/Users/sabri/Documents/github/thesis/datasets/auv/images/output_0380.png,0.11921518080335558
/mnt/c/Users/sabri/Documents/github/thesis/datasets/auv/images/output_0315.png,0.1191862457678381
/mnt/c/Users/sabri/Documents/github/thesis/datasets/auv/images/output_0486.png,0.1188396499313364
/mnt/c/Users/sabri/Documents/github/thesis/datasets/auv/images/output_0008.png,0.11858676103314988
/mnt/c/Users/sabri/Documents/github/thesis/datasets/auv/images/output_0273.png,0.11857018628563401
/mnt/c/Users/sabri/Documents/github/thesis/datasets/auv/images/output_0623.png,0.11828825543224815
/mnt/c/Users/sabri/Documents/github/thesis/datasets/auv/images/output_0379.png,0.11778741149213569
/mnt/c/Users/sabri/Documents/github/thesis/datasets/auv/images/output_0297.png,0.11745876289470888
/mnt/c/Users/sabri/Documents/github/thesis/datasets/auv/images/output_0185.png,0.11742680360058486
/mnt/c/Users/sabri/Documents/github/thesis/datasets/auv/images/output_0693.png,0.11698743698863594
/mnt/c/Users/sabri/Documents/github/thesis/datasets/auv/images/output_0555.png,0.11560115711498788
/mnt/c/Users/sabri/Documents/github/thesis/datasets/auv/images/output_0135.png,0.11516655857333896
/mnt/c/Users/sabri/Documents/github/thesis/datasets/auv/images/output_0404.png,0.11396952892242955
/mnt/c/Users/sabri/Documents/github/thesis/datasets/auv/images/output_0310.png,0.11358350925884166
/mnt/c/Users/sabri/Documents/github/thesis/datasets/auv/images/output_0559.png,0.11340677834509469
/mnt/c/Users/sabri/Documents/github/thesis/datasets/auv/images/output_0517.png,0.11320296935933354
/mnt/c/Users/sabri/Documents/github/thesis/datasets/auv/images/output_0316.png,0.11149898905501625
/mnt/c/Users/sabri/Documents/github/thesis/datasets/auv/images/output_0341.png,0.11061223888026711
/mnt/c/Users/sabri/Documents/github/thesis/datasets/auv/images/output_0746.png,0.1104546000959708
/mnt/c/Users/sabri/Documents/github/thesis/datasets/auv/images/output_0489.png,0.10973108737877689
/mnt/c/Users/sabri/Documents/github/thesis/datasets/auv/images/output_0154.png,0.10956976521288625
/mnt/c/Users/sabri/Documents/github/thesis/datasets/auv/images/output_0225.png,0.1091577341377551
/mnt/c/Users/sabri/Documents/github/thesis/datasets/auv/images/output_0460.png,0.10902766376594061
/mnt/c/Users/sabri/Documents/github/thesis/datasets/auv/images/output_0413.png,0.1078665791111409
/mnt/c/Users/sabri/Documents/github/thesis/datasets/auv/images/output_0833.png,0.10775415121057874
/mnt/c/Users/sabri/Documents/github/thesis/datasets/auv/images/output_0550.png,0.1076329014085373
/mnt/c/Users/sabri/Documents/github/thesis/datasets/auv/images/output_0238.png,0.10743087635841322
/mnt/c/Users/sabri/Documents/github/thesis/datasets/auv/images/output_0295.png,0.10693863701701387
/mnt/c/Users/sabri/Documents/github/thesis/datasets/auv/images/output_0813.png,0.1069154211752669
/mnt/c/Users/sabri/Documents/github/thesis/datasets/auv/images/output_0306.png,0.10670573627846677
/mnt/c/Users/sabri/Documents/github/thesis/datasets/auv/images/output_0189.png,0.10621217943860346
/mnt/c/Users/sabri/Documents/github/thesis/datasets/auv/images/output_0525.png,0.10570234514240483
/mnt/c/Users/sabri/Documents/github/thesis/datasets/auv/images/output_0403.png,0.10566578469792609
/mnt/c/Users/sabri/Documents/github/thesis/datasets/auv/images/output_0463.png,0.1055996375349947
/mnt/c/Users/sabri/Documents/github/thesis/datasets/auv/images/output_0782.png,0.1055853227408584
/mnt/c/Users/sabri/Documents/github/thesis/datasets/auv/images/output_0671.png,0.10537008944541935
/mnt/c/Users/sabri/Documents/github/thesis/datasets/auv/images/output_0823.png,0.10511658794891124
/mnt/c/Users/sabri/Documents/github/thesis/datasets/auv/images/output_0224.png,0.10488939744654173
/mnt/c/Users/sabri/Documents/github/thesis/datasets/auv/images/output_0751.png,0.1047798377733012
/mnt/c/Users/sabri/Documents/github/thesis/datasets/auv/images/output_0195.png,0.10457458267088147
/mnt/c/Users/sabri/Documents/github/thesis/datasets/auv/images/output_0645.png,0.10444658424656263
/mnt/c/Users/sabri/Documents/github/thesis/datasets/auv/images/output_0431.png,0.10433129506532099
/mnt/c/Users/sabri/Documents/github/thesis/datasets/auv/images/output_0146.png,0.10384430995590778
/mnt/c/Users/sabri/Documents/github/thesis/datasets/auv/images/output_0470.png,0.10381490294675763
/mnt/c/Users/sabri/Documents/github/thesis/datasets/auv/images/output_0052.png,0.10372903020296312
/mnt/c/Users/sabri/Documents/github/thesis/datasets/auv/images/output_0453.png,0.1037172355099228
/mnt/c/Users/sabri/Documents/github/thesis/datasets/auv/images/output_0478.png,0.10364981415040966
/mnt/c/Users/sabri/Documents/github/thesis/datasets/auv/images/output_0604.png,0.1036208129462739
/mnt/c/Users/sabri/Documents/github/thesis/datasets/auv/images/output_0569.png,0.1032414237434027
/mnt/c/Users/sabri/Documents/github/thesis/datasets/auv/images/output_0108.png,0.10297193107688198
/mnt/c/Users/sabri/Documents/github/thesis/datasets/auv/images/output_0382.png,0.10281961064460055
/mnt/c/Users/sabri/Documents/github/thesis/datasets/auv/images/output_0705.png,0.10279887150642107
/mnt/c/Users/sabri/Documents/github/thesis/datasets/auv/images/output_0484.png,0.1027707583828733
/mnt/c/Users/sabri/Documents/github/thesis/datasets/auv/images/output_0438.png,0.1027470153855616
/mnt/c/Users/sabri/Documents/github/thesis/datasets/auv/images/output_0036.png,0.10273976511896901
/mnt/c/Users/sabri/Documents/github/thesis/datasets/auv/images/output_0851.png,0.1026248308609178
/mnt/c/Users/sabri/Documents/github/thesis/datasets/auv/images/output_0519.png,0.10237327125114593
/mnt/c/Users/sabri/Documents/github/thesis/datasets/auv/images/output_0500.png,0.10227171721735044
/mnt/c/Users/sabri/Documents/github/thesis/datasets/auv/images/output_0338.png,0.10222107976556628
/mnt/c/Users/sabri/Documents/github/thesis/datasets/auv/images/output_0676.png,0.10175976035223504
/mnt/c/Users/sabri/Documents/github/thesis/datasets/auv/images/output_0744.png,0.10147183071249427
/mnt/c/Users/sabri/Documents/github/thesis/datasets/auv/images/output_0723.png,0.10126000270824832
/mnt/c/Users/sabri/Documents/github/thesis/datasets/auv/images/output_0311.png,0.1004199114583028
/mnt/c/Users/sabri/Documents/github/thesis/datasets/auv/images/output_0506.png,0.10021854022393864
/mnt/c/Users/sabri/Documents/github/thesis/datasets/auv/images/output_0454.png,0.10018547265265253
/mnt/c/Users/sabri/Documents/github/thesis/datasets/auv/images/output_0633.png,0.09957365919123773
/mnt/c/Users/sabri/Documents/github/thesis/datasets/auv/images/output_0432.png,0.09947511001283484
/mnt/c/Users/sabri/Documents/github/thesis/datasets/auv/images/output_0504.png,0.09924118488416024
/mnt/c/Users/sabri/Documents/github/thesis/datasets/auv/images/output_0747.png,0.09898987785870485
/mnt/c/Users/sabri/Documents/github/thesis/datasets/auv/images/output_0665.png,0.0988652228068784
/mnt/c/Users/sabri/Documents/github/thesis/datasets/auv/images/output_0354.png,0.098806380449872
/mnt/c/Users/sabri/Documents/github/thesis/datasets/auv/images/output_0810.png,0.09858985883292272
/mnt/c/Users/sabri/Documents/github/thesis/datasets/auv/images/output_0427.png,0.09841883705243673
/mnt/c/Users/sabri/Documents/github/thesis/datasets/auv/images/output_0490.png,0.09833758287858736
/mnt/c/Users/sabri/Documents/github/thesis/datasets/auv/images/output_0540.png,0.09828812943311098
/mnt/c/Users/sabri/Documents/github/thesis/datasets/auv/images/output_0558.png,0.09821024282703113
/mnt/c/Users/sabri/Documents/github/thesis/datasets/auv/images/output_0516.png,0.09810569291654901
/mnt/c/Users/sabri/Documents/github/thesis/datasets/auv/images/output_0326.png,0.09785405403345018
/mnt/c/Users/sabri/Documents/github/thesis/datasets/auv/images/output_0625.png,0.097700835340265
/mnt/c/Users/sabri/Documents/github/thesis/datasets/auv/images/output_0691.png,0.09759022745191388
/mnt/c/Users/sabri/Documents/github/thesis/datasets/auv/images/output_0725.png,0.09680721643597556
/mnt/c/Users/sabri/Documents/github/thesis/datasets/auv/images/output_0846.png,0.09670970217825475
/mnt/c/Users/sabri/Documents/github/thesis/datasets/auv/images/output_0378.png,0.0966945514539906
/mnt/c/Users/sabri/Documents/github/thesis/datasets/auv/images/output_0532.png,0.09665609660058089
/mnt/c/Users/sabri/Documents/github/thesis/datasets/auv/images/output_0575.png,0.09658268135253817
/mnt/c/Users/sabri/Documents/github/thesis/datasets/auv/images/output_0651.png,0.09657452326415597
/mnt/c/Users/sabri/Documents/github/thesis/datasets/auv/images/output_0217.png,0.09655411355696089
/mnt/c/Users/sabri/Documents/github/thesis/datasets/auv/images/output_0064.png,0.09624060663687709
/mnt/c/Users/sabri/Documents/github/thesis/datasets/auv/images/output_0511.png,0.09616768278277597
/mnt/c/Users/sabri/Documents/github/thesis/datasets/auv/images/output_0553.png,0.09609687658780791
/mnt/c/Users/sabri/Documents/github/thesis/datasets/auv/images/output_0435.png,0.09592099106426798
/mnt/c/Users/sabri/Documents/github/thesis/datasets/auv/images/output_0126.png,0.09586567396863119
/mnt/c/Users/sabri/Documents/github/thesis/datasets/auv/images/output_0450.png,0.09585893608948703
/mnt/c/Users/sabri/Documents/github/thesis/datasets/auv/images/output_0529.png,0.09582560773562172
/mnt/c/Users/sabri/Documents/github/thesis/datasets/auv/images/output_0495.png,0.09513942464016167
/mnt/c/Users/sabri/Documents/github/thesis/datasets/auv/images/output_0626.png,0.0951065539717198
/mnt/c/Users/sabri/Documents/github/thesis/datasets/auv/images/output_0607.png,0.09490984829465911
/mnt/c/Users/sabri/Documents/github/thesis/datasets/auv/images/output_0741.png,0.09479490917049482
/mnt/c/Users/sabri/Documents/github/thesis/datasets/auv/images/output_0852.png,0.09448245726232506
/mnt/c/Users/sabri/Documents/github/thesis/datasets/auv/images/output_0494.png,0.09442369575012965
/mnt/c/Users/sabri/Documents/github/thesis/datasets/auv/images/output_0416.png,0.09436949242590204
/mnt/c/Users/sabri/Documents/github/thesis/datasets/auv/images/output_0729.png,0.09432994674423666
/mnt/c/Users/sabri/Documents/github/thesis/datasets/auv/images/output_0670.png,0.09432399023920565
/mnt/c/Users/sabri/Documents/github/thesis/datasets/auv/images/output_0436.png,0.09431238188905533
/mnt/c/Users/sabri/Documents/github/thesis/datasets/auv/images/output_0800.png,0.09427089069301627
/mnt/c/Users/sabri/Documents/github/thesis/datasets/auv/images/output_0505.png,0.09377942026564481
/mnt/c/Users/sabri/Documents/github/thesis/datasets/auv/images/output_0843.png,0.09377188825470079
/mnt/c/Users/sabri/Documents/github/thesis/datasets/auv/images/output_0675.png,0.09332131542717215
/mnt/c/Users/sabri/Documents/github/thesis/datasets/auv/images/output_0600.png,0.09326235068060508
/mnt/c/Users/sabri/Documents/github/thesis/datasets/auv/images/output_0608.png,0.09283244350130726
/mnt/c/Users/sabri/Documents/github/thesis/datasets/auv/images/output_0350.png,0.09281908813118825
/mnt/c/Users/sabri/Documents/github/thesis/datasets/auv/images/output_0190.png,0.09280485292906329
/mnt/c/Users/sabri/Documents/github/thesis/datasets/auv/images/output_0414.png,0.09279733397739878
/mnt/c/Users/sabri/Documents/github/thesis/datasets/auv/images/output_0530.png,0.09274232611723442
/mnt/c/Users/sabri/Documents/github/thesis/datasets/auv/images/output_0374.png,0.09260479761430544
/mnt/c/Users/sabri/Documents/github/thesis/datasets/auv/images/output_0643.png,0.09247329698695125
/mnt/c/Users/sabri/Documents/github/thesis/datasets/auv/images/output_0503.png,0.09236729059963984
/mnt/c/Users/sabri/Documents/github/thesis/datasets/auv/images/output_0624.png,0.0923030896507306
/mnt/c/Users/sabri/Documents/github/thesis/datasets/auv/images/output_0145.png,0.09229260555292423
/mnt/c/Users/sabri/Documents/github/thesis/datasets/auv/images/output_0536.png,0.09193711685029973
/mnt/c/Users/sabri/Documents/github/thesis/datasets/auv/images/output_0364.png,0.09178344081982244
/mnt/c/Users/sabri/Documents/github/thesis/datasets/auv/images/output_0342.png,0.09163464610643085
/mnt/c/Users/sabri/Documents/github/thesis/datasets/auv/images/output_0234.png,0.09157804133611967
/mnt/c/Users/sabri/Documents/github/thesis/datasets/auv/images/output_0599.png,0.09154538296561937
/mnt/c/Users/sabri/Documents/github/thesis/datasets/auv/images/output_0216.png,0.09151208904462771
/mnt/c/Users/sabri/Documents/github/thesis/datasets/auv/images/output_0681.png,0.09132881522489283
/mnt/c/Users/sabri/Documents/github/thesis/datasets/auv/images/output_0832.png,0.09130850300807554
/mnt/c/Users/sabri/Documents/github/thesis/datasets/auv/images/output_0099.png,0.09130634360783568
/mnt/c/Users/sabri/Documents/github/thesis/datasets/auv/images/output_0745.png,0.09122912715710114
/mnt/c/Users/sabri/Documents/github/thesis/datasets/auv/images/output_0765.png,0.09108100117474777
/mnt/c/Users/sabri/Documents/github/thesis/datasets/auv/images/output_0556.png,0.09105973533223725
/mnt/c/Users/sabri/Documents/github/thesis/datasets/auv/images/output_0462.png,0.09104758480055354
/mnt/c/Users/sabri/Documents/github/thesis/datasets/auv/images/output_0466.png,0.09091961674767154
/mnt/c/Users/sabri/Documents/github/thesis/datasets/auv/images/output_0518.png,0.09068364305335955
/mnt/c/Users/sabri/Documents/github/thesis/datasets/auv/images/output_0018.png,0.09062790699705844
/mnt/c/Users/sabri/Documents/github/thesis/datasets/auv/images/output_0538.png,0.09060608600429167
/mnt/c/Users/sabri/Documents/github/thesis/datasets/auv/images/output_0340.png,0.09043987429310053
/mnt/c/Users/sabri/Documents/github/thesis/datasets/auv/images/output_0332.png,0.09039527631102345
/mnt/c/Users/sabri/Documents/github/thesis/datasets/auv/images/output_0825.png,0.09031560604014904
/mnt/c/Users/sabri/Documents/github/thesis/datasets/auv/images/output_0770.png,0.09013364199712798
/mnt/c/Users/sabri/Documents/github/thesis/datasets/auv/images/output_0584.png,0.09001705338051316
/mnt/c/Users/sabri/Documents/github/thesis/datasets/auv/images/output_0573.png,0.08983003666309389
/mnt/c/Users/sabri/Documents/github/thesis/datasets/auv/images/output_0117.png,0.08981018272382557
/mnt/c/Users/sabri/Documents/github/thesis/datasets/auv/images/output_0271.png,0.08979375886585958
/mnt/c/Users/sabri/Documents/github/thesis/datasets/auv/images/output_0082.png,0.08973860551352239
/mnt/c/Users/sabri/Documents/github/thesis/datasets/auv/images/output_0551.png,0.08970180318976528
/mnt/c/Users/sabri/Documents/github/thesis/datasets/auv/images/output_0730.png,0.0896531350775882
/mnt/c/Users/sabri/Documents/github/thesis/datasets/auv/images/output_0275.png,0.08959371859854454
/mnt/c/Users/sabri/Documents/github/thesis/datasets/auv/images/output_0712.png,0.08921715157669963
/mnt/c/Users/sabri/Documents/github/thesis/datasets/auv/images/output_0580.png,0.08911266583110147
/mnt/c/Users/sabri/Documents/github/thesis/datasets/auv/images/output_0170.png,0.08904934240776982
/mnt/c/Users/sabri/Documents/github/thesis/datasets/auv/images/output_0180.png,0.0890055124315038
/mnt/c/Users/sabri/Documents/github/thesis/datasets/auv/images/output_0336.png,0.08892798752136924
/mnt/c/Users/sabri/Documents/github/thesis/datasets/auv/images/output_0142.png,0.08884149740310857
/mnt/c/Users/sabri/Documents/github/thesis/datasets/auv/images/output_0184.png,0.08877609790268709
/mnt/c/Users/sabri/Documents/github/thesis/datasets/auv/images/output_0299.png,0.08866548355020876
/mnt/c/Users/sabri/Documents/github/thesis/datasets/auv/images/output_0614.png,0.08857586942451223
/mnt/c/Users/sabri/Documents/github/thesis/datasets/auv/images/output_0578.png,0.08824205501622631
/mnt/c/Users/sabri/Documents/github/thesis/datasets/auv/images/output_0682.png,0.08798645583653589
/mnt/c/Users/sabri/Documents/github/thesis/datasets/auv/images/output_0428.png,0.08797359267525245
/mnt/c/Users/sabri/Documents/github/thesis/datasets/auv/images/output_0704.png,0.08790908187493321
/mnt/c/Users/sabri/Documents/github/thesis/datasets/auv/images/output_0085.png,0.08789679708211316
/mnt/c/Users/sabri/Documents/github/thesis/datasets/auv/images/output_0524.png,0.08783125856058596
/mnt/c/Users/sabri/Documents/github/thesis/datasets/auv/images/output_0583.png,0.08771609875441072
/mnt/c/Users/sabri/Documents/github/thesis/datasets/auv/images/output_0638.png,0.0876477969655466
/mnt/c/Users/sabri/Documents/github/thesis/datasets/auv/images/output_0658.png,0.08751987699267479
/mnt/c/Users/sabri/Documents/github/thesis/datasets/auv/images/output_0474.png,0.08751978984033726
/mnt/c/Users/sabri/Documents/github/thesis/datasets/auv/images/output_0690.png,0.08729455834205696
/mnt/c/Users/sabri/Documents/github/thesis/datasets/auv/images/output_0849.png,0.08729057886841288
/mnt/c/Users/sabri/Documents/github/thesis/datasets/auv/images/output_0748.png,0.08721141901501588
/mnt/c/Users/sabri/Documents/github/thesis/datasets/auv/images/output_0796.png,0.08719026336424925
/mnt/c/Users/sabri/Documents/github/thesis/datasets/auv/images/output_0065.png,0.08708021527555222
/mnt/c/Users/sabri/Documents/github/thesis/datasets/auv/images/output_0252.png,0.08707540910817518
/mnt/c/Users/sabri/Documents/github/thesis/datasets/auv/images/output_0179.png,0.0870305814727865
/mnt/c/Users/sabri/Documents/github/thesis/datasets/auv/images/output_0515.png,0.08695350027927382
/mnt/c/Users/sabri/Documents/github/thesis/datasets/auv/images/output_0328.png,0.0869348793779722
/mnt/c/Users/sabri/Documents/github/thesis/datasets/auv/images/output_0236.png,0.08687314391135861
/mnt/c/Users/sabri/Documents/github/thesis/datasets/auv/images/output_0337.png,0.08672052046614502
/mnt/c/Users/sabri/Documents/github/thesis/datasets/auv/images/output_0492.png,0.08661185469461193
/mnt/c/Users/sabri/Documents/github/thesis/datasets/auv/images/output_0628.png,0.08658422862716962
/mnt/c/Users/sabri/Documents/github/thesis/datasets/auv/images/output_0683.png,0.08653817231992653
/mnt/c/Users/sabri/Documents/github/thesis/datasets/auv/images/output_0308.png,0.0864298238836195
/mnt/c/Users/sabri/Documents/github/thesis/datasets/auv/images/output_0637.png,0.08632488866325626
/mnt/c/Users/sabri/Documents/github/thesis/datasets/auv/images/output_0706.png,0.08607196246540229
/mnt/c/Users/sabri/Documents/github/thesis/datasets/auv/images/output_0430.png,0.0860608092736466
/mnt/c/Users/sabri/Documents/github/thesis/datasets/auv/images/output_0634.png,0.08602435884654398
/mnt/c/Users/sabri/Documents/github/thesis/datasets/auv/images/output_0807.png,0.08596896548509579
/mnt/c/Users/sabri/Documents/github/thesis/datasets/auv/images/output_0710.png,0.0859332233676486
/mnt/c/Users/sabri/Documents/github/thesis/datasets/auv/images/output_0688.png,0.085884520344103
/mnt/c/Users/sabri/Documents/github/thesis/datasets/auv/images/output_0331.png,0.08579492203360738
/mnt/c/Users/sabri/Documents/github/thesis/datasets/auv/images/output_0615.png,0.08567151860807137
/mnt/c/Users/sabri/Documents/github/thesis/datasets/auv/images/output_0644.png,0.08564372021254542
/mnt/c/Users/sabri/Documents/github/thesis/datasets/auv/images/output_0831.png,0.08561345404800202
/mnt/c/Users/sabri/Documents/github/thesis/datasets/auv/images/output_0301.png,0.08557697566496213
/mnt/c/Users/sabri/Documents/github/thesis/datasets/auv/images/output_0152.png,0.08546289705531522
/mnt/c/Users/sabri/Documents/github/thesis/datasets/auv/images/output_0862.png,0.0853647348870502
/mnt/c/Users/sabri/Documents/github/thesis/datasets/auv/images/output_0426.png,0.08523768664129874
/mnt/c/Users/sabri/Documents/github/thesis/datasets/auv/images/output_0129.png,0.08506842245699564
/mnt/c/Users/sabri/Documents/github/thesis/datasets/auv/images/output_0475.png,0.08497440509683492
/mnt/c/Users/sabri/Documents/github/thesis/datasets/auv/images/output_0711.png,0.08490382754355436
/mnt/c/Users/sabri/Documents/github/thesis/datasets/auv/images/output_0836.png,0.0848646801561166
/mnt/c/Users/sabri/Documents/github/thesis/datasets/auv/images/output_0574.png,0.08457055345932762
/mnt/c/Users/sabri/Documents/github/thesis/datasets/auv/images/output_0521.png,0.08446304923745575
/mnt/c/Users/sabri/Documents/github/thesis/datasets/auv/images/output_0437.png,0.08442376922515807
/mnt/c/Users/sabri/Documents/github/thesis/datasets/auv/images/output_0274.png,0.08438255478145869
/mnt/c/Users/sabri/Documents/github/thesis/datasets/auv/images/output_0291.png,0.08399896026235633
/mnt/c/Users/sabri/Documents/github/thesis/datasets/auv/images/output_0314.png,0.08396116196640413
/mnt/c/Users/sabri/Documents/github/thesis/datasets/auv/images/output_0666.png,0.08394094950365415
/mnt/c/Users/sabri/Documents/github/thesis/datasets/auv/images/output_0003.png,0.08394033379892549
/mnt/c/Users/sabri/Documents/github/thesis/datasets/auv/images/output_0240.png,0.08393991460201698
/mnt/c/Users/sabri/Documents/github/thesis/datasets/auv/images/output_0844.png,0.08389624093530744
/mnt/c/Users/sabri/Documents/github/thesis/datasets/auv/images/output_0539.png,0.08384145581305567
/mnt/c/Users/sabri/Documents/github/thesis/datasets/auv/images/output_0449.png,0.08382941504481939
/mnt/c/Users/sabri/Documents/github/thesis/datasets/auv/images/output_0526.png,0.08378844088693053
/mnt/c/Users/sabri/Documents/github/thesis/datasets/auv/images/output_0585.png,0.08376333542049094
/mnt/c/Users/sabri/Documents/github/thesis/datasets/auv/images/output_0307.png,0.08370979730778219
/mnt/c/Users/sabri/Documents/github/thesis/datasets/auv/images/output_0250.png,0.0836300993227134
/mnt/c/Users/sabri/Documents/github/thesis/datasets/auv/images/output_0024.png,0.08362168689903873
/mnt/c/Users/sabri/Documents/github/thesis/datasets/auv/images/output_0605.png,0.08356133588955145
/mnt/c/Users/sabri/Documents/github/thesis/datasets/auv/images/output_0401.png,0.08355651287890943
/mnt/c/Users/sabri/Documents/github/thesis/datasets/auv/images/output_0528.png,0.08354423304664148
/mnt/c/Users/sabri/Documents/github/thesis/datasets/auv/images/output_0051.png,0.08353416503775768
/mnt/c/Users/sabri/Documents/github/thesis/datasets/auv/images/output_0317.png,0.083528960838501
/mnt/c/Users/sabri/Documents/github/thesis/datasets/auv/images/output_0596.png,0.08351962884328781
/mnt/c/Users/sabri/Documents/github/thesis/datasets/auv/images/output_0120.png,0.08347029374254143
/mnt/c/Users/sabri/Documents/github/thesis/datasets/auv/images/output_0797.png,0.08342647667667707
/mnt/c/Users/sabri/Documents/github/thesis/datasets/auv/images/output_0510.png,0.08331501051838243
/mnt/c/Users/sabri/Documents/github/thesis/datasets/auv/images/output_0461.png,0.08331303243054741
/mnt/c/Users/sabri/Documents/github/thesis/datasets/auv/images/output_0801.png,0.08321613348976746
/mnt/c/Users/sabri/Documents/github/thesis/datasets/auv/images/output_0258.png,0.08320922970302426
/mnt/c/Users/sabri/Documents/github/thesis/datasets/auv/images/output_0325.png,0.0831989904820565
/mnt/c/Users/sabri/Documents/github/thesis/datasets/auv/images/output_0669.png,0.0831984037860973
/mnt/c/Users/sabri/Documents/github/thesis/datasets/auv/images/output_0167.png,0.08316103492387664
/mnt/c/Users/sabri/Documents/github/thesis/datasets/auv/images/output_0822.png,0.08307697573029708
/mnt/c/Users/sabri/Documents/github/thesis/datasets/auv/images/output_0582.png,0.0829689106662751
/mnt/c/Users/sabri/Documents/github/thesis/datasets/auv/images/output_0095.png,0.08289795518244995
/mnt/c/Users/sabri/Documents/github/thesis/datasets/auv/images/output_0409.png,0.08285250735560966
/mnt/c/Users/sabri/Documents/github/thesis/datasets/auv/images/output_0002.png,0.08282066564165382
/mnt/c/Users/sabri/Documents/github/thesis/datasets/auv/images/output_0339.png,0.08275758946115977
/mnt/c/Users/sabri/Documents/github/thesis/datasets/auv/images/output_0520.png,0.08272895857592745
/mnt/c/Users/sabri/Documents/github/thesis/datasets/auv/images/output_0772.png,0.08260951769369111
/mnt/c/Users/sabri/Documents/github/thesis/datasets/auv/images/output_0850.png,0.08251034969643495
/mnt/c/Users/sabri/Documents/github/thesis/datasets/auv/images/output_0709.png,0.08243724424537056
/mnt/c/Users/sabri/Documents/github/thesis/datasets/auv/images/output_0349.png,0.08242881635073335
/mnt/c/Users/sabri/Documents/github/thesis/datasets/auv/images/output_0473.png,0.08238513044941184
/mnt/c/Users/sabri/Documents/github/thesis/datasets/auv/images/output_0197.png,0.08237296045717445
/mnt/c/Users/sabri/Documents/github/thesis/datasets/auv/images/output_0433.png,0.08237198691655584
/mnt/c/Users/sabri/Documents/github/thesis/datasets/auv/images/output_0410.png,0.08234126321476792
/mnt/c/Users/sabri/Documents/github/thesis/datasets/auv/images/output_0261.png,0.08231434387464229
/mnt/c/Users/sabri/Documents/github/thesis/datasets/auv/images/output_0485.png,0.08222191955980553
/mnt/c/Users/sabri/Documents/github/thesis/datasets/auv/images/output_0812.png,0.08220814700321868
/mnt/c/Users/sabri/Documents/github/thesis/datasets/auv/images/output_0549.png,0.08218495298005153
/mnt/c/Users/sabri/Documents/github/thesis/datasets/auv/images/output_0181.png,0.0821289314586964
/mnt/c/Users/sabri/Documents/github/thesis/datasets/auv/images/output_0412.png,0.08212634696231837
/mnt/c/Users/sabri/Documents/github/thesis/datasets/auv/images/output_0353.png,0.08212109574178236
/mnt/c/Users/sabri/Documents/github/thesis/datasets/auv/images/output_0276.png,0.08207715907618247
/mnt/c/Users/sabri/Documents/github/thesis/datasets/auv/images/output_0277.png,0.08205319085035578
/mnt/c/Users/sabri/Documents/github/thesis/datasets/auv/images/output_0093.png,0.0820334925462807
/mnt/c/Users/sabri/Documents/github/thesis/datasets/auv/images/output_0368.png,0.0819907239779106
/mnt/c/Users/sabri/Documents/github/thesis/datasets/auv/images/output_0084.png,0.08197525773736904
/mnt/c/Users/sabri/Documents/github/thesis/datasets/auv/images/output_0595.png,0.08189939835400303
/mnt/c/Users/sabri/Documents/github/thesis/datasets/auv/images/output_0305.png,0.08189150287698287
/mnt/c/Users/sabri/Documents/github/thesis/datasets/auv/images/output_0523.png,0.08171699249625704
/mnt/c/Users/sabri/Documents/github/thesis/datasets/auv/images/output_0601.png,0.08162175155869832
/mnt/c/Users/sabri/Documents/github/thesis/datasets/auv/images/output_0656.png,0.0816134179617974
/mnt/c/Users/sabri/Documents/github/thesis/datasets/auv/images/output_0220.png,0.08160528977331222
/mnt/c/Users/sabri/Documents/github/thesis/datasets/auv/images/output_0650.png,0.08147823022137902
/mnt/c/Users/sabri/Documents/github/thesis/datasets/auv/images/output_0223.png,0.08139391016356412
/mnt/c/Users/sabri/Documents/github/thesis/datasets/auv/images/output_0361.png,0.08139207470408141
/mnt/c/Users/sabri/Documents/github/thesis/datasets/auv/images/output_0679.png,0.08138018053114941
/mnt/c/Users/sabri/Documents/github/thesis/datasets/auv/images/output_0221.png,0.08133896613920716
/mnt/c/Users/sabri/Documents/github/thesis/datasets/auv/images/output_0385.png,0.08132453008828452
/mnt/c/Users/sabri/Documents/github/thesis/datasets/auv/images/output_0039.png,0.08125353393380626
/mnt/c/Users/sabri/Documents/github/thesis/datasets/auv/images/output_0272.png,0.08105827418097634
/mnt/c/Users/sabri/Documents/github/thesis/datasets/auv/images/output_0629.png,0.08105826291499443
/mnt/c/Users/sabri/Documents/github/thesis/datasets/auv/images/output_0766.png,0.08098492285253407
/mnt/c/Users/sabri/Documents/github/thesis/datasets/auv/images/output_0422.png,0.08097169120425736
/mnt/c/Users/sabri/Documents/github/thesis/datasets/auv/images/output_0635.png,0.08095649912615846
/mnt/c/Users/sabri/Documents/github/thesis/datasets/auv/images/output_0229.png,0.08092593014081294
/mnt/c/Users/sabri/Documents/github/thesis/datasets/auv/images/output_0417.png,0.08078625427245271
/mnt/c/Users/sabri/Documents/github/thesis/datasets/auv/images/output_0757.png,0.08077688306789171
/mnt/c/Users/sabri/Documents/github/thesis/datasets/auv/images/output_0678.png,0.08073729557674074
/mnt/c/Users/sabri/Documents/github/thesis/datasets/auv/images/output_0402.png,0.08071019958410233
/mnt/c/Users/sabri/Documents/github/thesis/datasets/auv/images/output_0552.png,0.0806897288296016
/mnt/c/Users/sabri/Documents/github/thesis/datasets/auv/images/output_0304.png,0.0806454557277644
/mnt/c/Users/sabri/Documents/github/thesis/datasets/auv/images/output_0011.png,0.08064473131545082
/mnt/c/Users/sabri/Documents/github/thesis/datasets/auv/images/output_0447.png,0.080510206043995
/mnt/c/Users/sabri/Documents/github/thesis/datasets/auv/images/output_0290.png,0.08050504368154338
/mnt/c/Users/sabri/Documents/github/thesis/datasets/auv/images/output_0104.png,0.08042638684846042
/mnt/c/Users/sabri/Documents/github/thesis/datasets/auv/images/output_0841.png,0.08041260473810508
/mnt/c/Users/sabri/Documents/github/thesis/datasets/auv/images/output_0509.png,0.08040720627486583
/mnt/c/Users/sabri/Documents/github/thesis/datasets/auv/images/output_0254.png,0.08031038559677278
/mnt/c/Users/sabri/Documents/github/thesis/datasets/auv/images/output_0572.png,0.08028888181387378
/mnt/c/Users/sabri/Documents/github/thesis/datasets/auv/images/output_0199.png,0.08021605636214907
/mnt/c/Users/sabri/Documents/github/thesis/datasets/auv/images/output_0455.png,0.08019875449653921
/mnt/c/Users/sabri/Documents/github/thesis/datasets/auv/images/output_0703.png,0.08018242534105706
/mnt/c/Users/sabri/Documents/github/thesis/datasets/auv/images/output_0440.png,0.08007582717125203
/mnt/c/Users/sabri/Documents/github/thesis/datasets/auv/images/output_0222.png,0.08005990308814813
/mnt/c/Users/sabri/Documents/github/thesis/datasets/auv/images/output_0245.png,0.08005104318687871
/mnt/c/Users/sabri/Documents/github/thesis/datasets/auv/images/output_0335.png,0.08001441342539856
/mnt/c/Users/sabri/Documents/github/thesis/datasets/auv/images/output_0105.png,0.08000598483111619
/mnt/c/Users/sabri/Documents/github/thesis/datasets/auv/images/output_0334.png,0.07985344132817547
/mnt/c/Users/sabri/Documents/github/thesis/datasets/auv/images/output_0267.png,0.07981941266396059
/mnt/c/Users/sabri/Documents/github/thesis/datasets/auv/images/output_0333.png,0.07981124383981673
/mnt/c/Users/sabri/Documents/github/thesis/datasets/auv/images/output_0406.png,0.07977726488248062
/mnt/c/Users/sabri/Documents/github/thesis/datasets/auv/images/output_0386.png,0.0797403034253252
/mnt/c/Users/sabri/Documents/github/thesis/datasets/auv/images/output_0001.png,0.07973742577459765
/mnt/c/Users/sabri/Documents/github/thesis/datasets/auv/images/output_0603.png,0.07971834308135076
/mnt/c/Users/sabri/Documents/github/thesis/datasets/auv/images/output_0557.png,0.0797010034362098
/mnt/c/Users/sabri/Documents/github/thesis/datasets/auv/images/output_0037.png,0.07965519371050898
/mnt/c/Users/sabri/Documents/github/thesis/datasets/auv/images/output_0674.png,0.07962414395851271
/mnt/c/Users/sabri/Documents/github/thesis/datasets/auv/images/output_0687.png,0.07936513302142133
/mnt/c/Users/sabri/Documents/github/thesis/datasets/auv/images/output_0415.png,0.07929394251290348
/mnt/c/Users/sabri/Documents/github/thesis/datasets/auv/images/output_0013.png,0.07922365621047932
/mnt/c/Users/sabri/Documents/github/thesis/datasets/auv/images/output_0829.png,0.07909741569273038
/mnt/c/Users/sabri/Documents/github/thesis/datasets/auv/images/output_0106.png,0.07909414249091183
/mnt/c/Users/sabri/Documents/github/thesis/datasets/auv/images/output_0010.png,0.07907805339820546
/mnt/c/Users/sabri/Documents/github/thesis/datasets/auv/images/output_0086.png,0.07902486580641396
/mnt/c/Users/sabri/Documents/github/thesis/datasets/auv/images/output_0448.png,0.0789905617471333
/mnt/c/Users/sabri/Documents/github/thesis/datasets/auv/images/output_0312.png,0.07899002481101614
/mnt/c/Users/sabri/Documents/github/thesis/datasets/auv/images/output_0041.png,0.07895067980460749
/mnt/c/Users/sabri/Documents/github/thesis/datasets/auv/images/output_0329.png,0.07892192140617381
/mnt/c/Users/sabri/Documents/github/thesis/datasets/auv/images/output_0863.png,0.07883036154589125
/mnt/c/Users/sabri/Documents/github/thesis/datasets/auv/images/output_0330.png,0.07871164154782123
/mnt/c/Users/sabri/Documents/github/thesis/datasets/auv/images/output_0446.png,0.0786517981102853
/mnt/c/Users/sabri/Documents/github/thesis/datasets/auv/images/output_0738.png,0.07850891984897683
/mnt/c/Users/sabri/Documents/github/thesis/datasets/auv/images/output_0376.png,0.07850889050189946
/mnt/c/Users/sabri/Documents/github/thesis/datasets/auv/images/output_0247.png,0.07836746016454255
/mnt/c/Users/sabri/Documents/github/thesis/datasets/auv/images/output_0144.png,0.07836129853376055
/mnt/c/Users/sabri/Documents/github/thesis/datasets/auv/images/output_0294.png,0.07828750243007306
/mnt/c/Users/sabri/Documents/github/thesis/datasets/auv/images/output_0749.png,0.07811613820606658
/mnt/c/Users/sabri/Documents/github/thesis/datasets/auv/images/output_0845.png,0.07807520994434333
/mnt/c/Users/sabri/Documents/github/thesis/datasets/auv/images/output_0756.png,0.07807235181109982
/mnt/c/Users/sabri/Documents/github/thesis/datasets/auv/images/output_0480.png,0.0779901564735918
/mnt/c/Users/sabri/Documents/github/thesis/datasets/auv/images/output_0708.png,0.07798668298003092
/mnt/c/Users/sabri/Documents/github/thesis/datasets/auv/images/output_0739.png,0.07797952771357276
/mnt/c/Users/sabri/Documents/github/thesis/datasets/auv/images/output_0465.png,0.07779505642499525
/mnt/c/Users/sabri/Documents/github/thesis/datasets/auv/images/output_0098.png,0.07774098689903622
/mnt/c/Users/sabri/Documents/github/thesis/datasets/auv/images/output_0209.png,0.07749891739919652
/mnt/c/Users/sabri/Documents/github/thesis/datasets/auv/images/output_0078.png,0.07730561141356444
/mnt/c/Users/sabri/Documents/github/thesis/datasets/auv/images/output_0323.png,0.07720223885329687
/mnt/c/Users/sabri/Documents/github/thesis/datasets/auv/images/output_0641.png,0.0771041686455263
/mnt/c/Users/sabri/Documents/github/thesis/datasets/auv/images/output_0124.png,0.07705910352965005
/mnt/c/Users/sabri/Documents/github/thesis/datasets/auv/images/output_0469.png,0.07695206258701424
/mnt/c/Users/sabri/Documents/github/thesis/datasets/auv/images/output_0649.png,0.07691395373697629
/mnt/c/Users/sabri/Documents/github/thesis/datasets/auv/images/output_0821.png,0.07690509081481806
/mnt/c/Users/sabri/Documents/github/thesis/datasets/auv/images/output_0830.png,0.07680379757811823
/mnt/c/Users/sabri/Documents/github/thesis/datasets/auv/images/output_0627.png,0.07679348349147602
/mnt/c/Users/sabri/Documents/github/thesis/datasets/auv/images/output_0347.png,0.07677491118028458
/mnt/c/Users/sabri/Documents/github/thesis/datasets/auv/images/output_0300.png,0.07674766164381157
/mnt/c/Users/sabri/Documents/github/thesis/datasets/auv/images/output_0115.png,0.07671713317946935
/mnt/c/Users/sabri/Documents/github/thesis/datasets/auv/images/output_0230.png,0.07650034229325324
/mnt/c/Users/sabri/Documents/github/thesis/datasets/auv/images/output_0210.png,0.0763828523765411
/mnt/c/Users/sabri/Documents/github/thesis/datasets/auv/images/output_0384.png,0.07632012003161404
/mnt/c/Users/sabri/Documents/github/thesis/datasets/auv/images/output_0657.png,0.07613554586718577
/mnt/c/Users/sabri/Documents/github/thesis/datasets/auv/images/output_0346.png,0.07610057256328777
/mnt/c/Users/sabri/Documents/github/thesis/datasets/auv/images/output_0548.png,0.07609449881864339
/mnt/c/Users/sabri/Documents/github/thesis/datasets/auv/images/output_0537.png,0.07604918813271415
/mnt/c/Users/sabri/Documents/github/thesis/datasets/auv/images/output_0153.png,0.07588337596174653
/mnt/c/Users/sabri/Documents/github/thesis/datasets/auv/images/output_0411.png,0.0758487724335956
/mnt/c/Users/sabri/Documents/github/thesis/datasets/auv/images/output_0321.png,0.0757869286521559
/mnt/c/Users/sabri/Documents/github/thesis/datasets/auv/images/output_0642.png,0.07578610167884658
/mnt/c/Users/sabri/Documents/github/thesis/datasets/auv/images/output_0132.png,0.07577505761175975
/mnt/c/Users/sabri/Documents/github/thesis/datasets/auv/images/output_0360.png,0.07568684472415743
/mnt/c/Users/sabri/Documents/github/thesis/datasets/auv/images/output_0320.png,0.07565017298529755
/mnt/c/Users/sabri/Documents/github/thesis/datasets/auv/images/output_0405.png,0.07564708922900629
/mnt/c/Users/sabri/Documents/github/thesis/datasets/auv/images/output_0173.png,0.07562801184685786
/mnt/c/Users/sabri/Documents/github/thesis/datasets/auv/images/output_0496.png,0.07549596955474541
/mnt/c/Users/sabri/Documents/github/thesis/datasets/auv/images/output_0567.png,0.07525318872690566
/mnt/c/Users/sabri/Documents/github/thesis/datasets/auv/images/output_0811.png,0.0751754803125943
/mnt/c/Users/sabri/Documents/github/thesis/datasets/auv/images/output_0169.png,0.07514360601240944
/mnt/c/Users/sabri/Documents/github/thesis/datasets/auv/images/output_0632.png,0.07502671896859617
/mnt/c/Users/sabri/Documents/github/thesis/datasets/auv/images/output_0031.png,0.07500977902306202
/mnt/c/Users/sabri/Documents/github/thesis/datasets/auv/images/output_0740.png,0.0749606620007625
/mnt/c/Users/sabri/Documents/github/thesis/datasets/auv/images/output_0726.png,0.07490874259313282
/mnt/c/Users/sabri/Documents/github/thesis/datasets/auv/images/output_0640.png,0.07490505840368405
/mnt/c/Users/sabri/Documents/github/thesis/datasets/auv/images/output_0750.png,0.07489440130645168
/mnt/c/Users/sabri/Documents/github/thesis/datasets/auv/images/output_0235.png,0.07472639447956628
/mnt/c/Users/sabri/Documents/github/thesis/datasets/auv/images/output_0131.png,0.07464218822975599
/mnt/c/Users/sabri/Documents/github/thesis/datasets/auv/images/output_0579.png,0.07460818305725621
/mnt/c/Users/sabri/Documents/github/thesis/datasets/auv/images/output_0835.png,0.07459626581998997
/mnt/c/Users/sabri/Documents/github/thesis/datasets/auv/images/output_0313.png,0.07459353913785344
/mnt/c/Users/sabri/Documents/github/thesis/datasets/auv/images/output_0370.png,0.0745029261574503
/mnt/c/Users/sabri/Documents/github/thesis/datasets/auv/images/output_0565.png,0.0743884145974721
/mnt/c/Users/sabri/Documents/github/thesis/datasets/auv/images/output_0270.png,0.0743117809920201
/mnt/c/Users/sabri/Documents/github/thesis/datasets/auv/images/output_0218.png,0.07426905538315967
/mnt/c/Users/sabri/Documents/github/thesis/datasets/auv/images/output_0728.png,0.07422279480515595
/mnt/c/Users/sabri/Documents/github/thesis/datasets/auv/images/output_0134.png,0.07421392426951995
/mnt/c/Users/sabri/Documents/github/thesis/datasets/auv/images/output_0246.png,0.07420080215619665
/mnt/c/Users/sabri/Documents/github/thesis/datasets/auv/images/output_0188.png,0.0741564493619211
/mnt/c/Users/sabri/Documents/github/thesis/datasets/auv/images/output_0130.png,0.07410091540697251
/mnt/c/Users/sabri/Documents/github/thesis/datasets/auv/images/output_0826.png,0.07393843825217071
/mnt/c/Users/sabri/Documents/github/thesis/datasets/auv/images/output_0434.png,0.07390571037224787
/mnt/c/Users/sabri/Documents/github/thesis/datasets/auv/images/output_0243.png,0.0736688213374106
/mnt/c/Users/sabri/Documents/github/thesis/datasets/auv/images/output_0237.png,0.07360802131868274
/mnt/c/Users/sabri/Documents/github/thesis/datasets/auv/images/output_0266.png,0.07359932310437838
/mnt/c/Users/sabri/Documents/github/thesis/datasets/auv/images/output_0781.png,0.07346110434346491
/mnt/c/Users/sabri/Documents/github/thesis/datasets/auv/images/output_0375.png,0.07340511756480149
/mnt/c/Users/sabri/Documents/github/thesis/datasets/auv/images/output_0842.png,0.07339939750492076
/mnt/c/Users/sabri/Documents/github/thesis/datasets/auv/images/output_0116.png,0.07325444132278584
/mnt/c/Users/sabri/Documents/github/thesis/datasets/auv/images/output_0357.png,0.07324210773814954
/mnt/c/Users/sabri/Documents/github/thesis/datasets/auv/images/output_0094.png,0.07320820168989768
/mnt/c/Users/sabri/Documents/github/thesis/datasets/auv/images/output_0172.png,0.0731937606663959
/mnt/c/Users/sabri/Documents/github/thesis/datasets/auv/images/output_0171.png,0.07315394715101994
/mnt/c/Users/sabri/Documents/github/thesis/datasets/auv/images/output_0358.png,0.07302550232480667
/mnt/c/Users/sabri/Documents/github/thesis/datasets/auv/images/output_0327.png,0.07299753089592234
/mnt/c/Users/sabri/Documents/github/thesis/datasets/auv/images/output_0206.png,0.07297149439909281
/mnt/c/Users/sabri/Documents/github/thesis/datasets/auv/images/output_0390.png,0.07289108535375925
/mnt/c/Users/sabri/Documents/github/thesis/datasets/auv/images/output_0103.png,0.07278678296417398
/mnt/c/Users/sabri/Documents/github/thesis/datasets/auv/images/output_0107.png,0.07274627494493595
/mnt/c/Users/sabri/Documents/github/thesis/datasets/auv/images/output_0288.png,0.07271758851177915
/mnt/c/Users/sabri/Documents/github/thesis/datasets/auv/images/output_0513.png,0.07268840326838202
/mnt/c/Users/sabri/Documents/github/thesis/datasets/auv/images/output_0531.png,0.07263539865311776
/mnt/c/Users/sabri/Documents/github/thesis/datasets/auv/images/output_0017.png,0.07257236220342508
/mnt/c/Users/sabri/Documents/github/thesis/datasets/auv/images/output_0187.png,0.07242846645120521
/mnt/c/Users/sabri/Documents/github/thesis/datasets/auv/images/output_0268.png,0.0723967759250362
/mnt/c/Users/sabri/Documents/github/thesis/datasets/auv/images/output_0771.png,0.07220568698263649
/mnt/c/Users/sabri/Documents/github/thesis/datasets/auv/images/output_0183.png,0.07210960008029671
/mnt/c/Users/sabri/Documents/github/thesis/datasets/auv/images/output_0143.png,0.07209476297401762
/mnt/c/Users/sabri/Documents/github/thesis/datasets/auv/images/output_0348.png,0.07204645579794676
/mnt/c/Users/sabri/Documents/github/thesis/datasets/auv/images/output_0081.png,0.07199150230549207
/mnt/c/Users/sabri/Documents/github/thesis/datasets/auv/images/output_0289.png,0.07182407235073424
/mnt/c/Users/sabri/Documents/github/thesis/datasets/auv/images/output_0568.png,0.07166157883033994
/mnt/c/Users/sabri/Documents/github/thesis/datasets/auv/images/output_0848.png,0.07156027929356121
/mnt/c/Users/sabri/Documents/github/thesis/datasets/auv/images/output_0293.png,0.07155175554066066
/mnt/c/Users/sabri/Documents/github/thesis/datasets/auv/images/output_0097.png,0.07133769849451396
/mnt/c/Users/sabri/Documents/github/thesis/datasets/auv/images/output_0251.png,0.07130619735629164
/mnt/c/Users/sabri/Documents/github/thesis/datasets/auv/images/output_0198.png,0.07103370865336753
/mnt/c/Users/sabri/Documents/github/thesis/datasets/auv/images/output_0122.png,0.07034292890610516
/mnt/c/Users/sabri/Documents/github/thesis/datasets/auv/images/output_0296.png,0.06997200701376004
/mnt/c/Users/sabri/Documents/github/thesis/datasets/auv/images/output_0769.png,0.06899063246156503
/mnt/c/Users/sabri/Documents/github/thesis/datasets/auv/images/output_0119.png,0.06762481780726112
/mnt/c/Users/sabri/Documents/github/thesis/datasets/auv/images/output_0359.png,0.06696253763010017
/mnt/c/Users/sabri/Documents/github/thesis/datasets/auv/images/output_0118.png,0.06622099556679548
/mnt/c/Users/sabri/Documents/github/thesis/datasets/auv/images/output_0007.png,0.06613573903182862
